{"epoch/validation_loss": 0.40280431764466423, "epoch/validation_error": 0.13901345291479816, "epoch/validation_accuracy": 0.8609865470852018, "epoch/training_loss": 0.39589658681316614, "epoch/training_error": 0.1328247700246803, "epoch/training_accuracy": 0.8671752299753197, "_timestamp": 1665262288.8421504, "_runtime": 441.59536051750183, "_step": 3, "_wandb": {"runtime": 536}}