{"epoch/validation_loss": 0.7337336597377306, "epoch/validation_error": 0.4908571428571429, "epoch/validation_accuracy": 0.5091428571428571, "epoch/training_loss": 0.6498515818459647, "epoch/training_error": 0.4598928571428571, "epoch/training_accuracy": 0.5401071428571429, "_timestamp": 1665326109.3659308, "_runtime": 78.46838283538818, "_step": 5, "_wandb": {"runtime": 90}}