{"epoch/validation_loss": 0.40292063227721625, "epoch/validation_error": 0.13901345291479816, "epoch/validation_accuracy": 0.8609865470852018, "epoch/training_loss": 0.43310173411309505, "epoch/training_error": 0.15772941440430788, "epoch/training_accuracy": 0.8422705855956921, "_timestamp": 1665261760.9099364, "_runtime": 89.82736945152283, "_step": 0, "_wandb": {"runtime": 138}}